[
{"title": "Gorilla Grip Original Premium Durable Cat Litter Mat, 35x23, XL Jumbo, Water Resistant, Traps Litter from Box and Cats, Scatter Control, Soft on Kitty Paws, Easy Clean Cat Mat, Gray", "url": "/gp/slredirect/picassoRedirect.html/ref=pa_sp_atf_aps_sr_pg1_1?ie=UTF8&adId=A0772502378TS0ZO9XEM9&url=%2FOriginal-Non-Slip-Phthalate-Sensitive-Durable%2Fdp%2FB01MDNDDYS%2Fref%3Dsr_1_1_sspa%3Fdchild%3D1%26keywords%3Dgorilla%26qid%3D1611362505%26sr%3D8-1-spons%26psc%3D1&qualifier=1611362505&id=6003327849799559&widgetName=sp_atf", "rating": "4.6 out of 5 stars", "reviews": "20,062", "price": "CDN$\u00a021.79", "search_url": "https://www.amazon.ca/s?k=gorillas&page=1"}
,{"title": "Wildlight Animal Carabiner Flashlight - Animal Keychain Lights (Gorilla)", "url": "/gp/slredirect/picassoRedirect.html/ref=pa_sp_atf_aps_sr_pg1_1?ie=UTF8&adId=A0670495FJFI14GDRHHQ&url=%2FWildlight-Animal-Carabiner-Flashlight-Labrador%2Fdp%2FB000UT9WT6%2Fref%3Dsr_1_2_sspa%3Fdchild%3D1%26keywords%3Dgorilla%26qid%3D1611362505%26sr%3D8-2-spons%26psc%3D1&qualifier=1611362505&id=6003327849799559&widgetName=sp_atf", "rating": "4.7 out of 5 stars", "reviews": "21", "price": "CDN$\u00a013.99", "search_url": "https://www.amazon.ca/s?k=gorillas&page=1"}
,{"title": "Gorilla Clear 100 Percent Silicone Sealant Caulk, Waterproof and Mold & Mildew Resistant, 10 ounce Cartridge, Clear, (Pack of 1)", "url": "/gp/slredirect/picassoRedirect.html/ref=pa_sp_atf_aps_sr_pg1_1?ie=UTF8&adId=A01235823VLTYF9BVWHO2&url=%2FGorilla-Silicone-Waterproof-Resistant-Cartridge%2Fdp%2FB01MQW8AEM%2Fref%3Dsr_1_3_sspa%3Fdchild%3D1%26keywords%3Dgorilla%26qid%3D1611362505%26sr%3D8-3-spons%26psc%3D1%26smid%3DA2MSFK0FZ1Z0NY&qualifier=1611362505&id=6003327849799559&widgetName=sp_atf", "rating": "4.6 out of 5 stars", "reviews": "3,605", "price": "CDN$\u00a023.99", "search_url": "https://www.amazon.ca/s?k=gorillas&page=1"}
,{"title": "Gorilla 7805601 Super Glue, 20 g, 1-Pack", "url": "/gp/slredirect/picassoRedirect.html/ref=pa_sp_atf_aps_sr_pg1_1?ie=UTF8&adId=A08870103DA0VFBP8RH41&url=%2FGorilla-7805601-Super-Glue-20g%2Fdp%2FB00KPYB05A%2Fref%3Dsr_1_4_sspa%3Fdchild%3D1%26keywords%3Dgorilla%26qid%3D1611362505%26sr%3D8-4-spons%26psc%3D1&qualifier=1611362505&id=6003327849799559&widgetName=sp_atf", "rating": "4.7 out of 5 stars", "reviews": "2,537", "price": "CDN$\u00a028.94", "search_url": "https://www.amazon.ca/s?k=gorillas&page=1"}
,{"title": "20g Gorilla Super Glue", "url": "/Gorilla-7805201-20g-Super-Glue/dp/B07W47FCSR/ref=sr_1_5?dchild=1&keywords=gorilla&qid=1611362505&sr=8-5", "rating": "4.7 out of 5 stars", "reviews": "2,862", "price": "CDN$\u00a08.48", "search_url": "https://www.amazon.ca/s?k=gorillas&page=1"}
,{"title": "Gorilla Heavy Duty Double Sided Mounting Tape XL, 1\" x 120\", Black (Pack of 1)", "url": "/Gorilla-Heavy-Double-Sided-Mounting/dp/B082TQ3KB5/ref=sr_1_6?dchild=1&keywords=gorilla&qid=1611362505&sr=8-6", "rating": "4.3 out of 5 stars", "reviews": "4,138", "price": "CDN$\u00a017.65", "search_url": "https://www.amazon.ca/s?k=gorillas&page=1"}
,{"title": "Crystal Clear Gorilla Tape, 8.2 m", "url": "/Crystal-Clear-Gorilla-Tape-8-2/dp/B07W47GWKG/ref=sr_1_7?dchild=1&keywords=gorilla&qid=1611362505&sr=8-7", "rating": "4.6 out of 5 stars", "reviews": "509", "price": "CDN$\u00a09.69", "search_url": "https://www.amazon.ca/s?k=gorillas&page=1"}
,{"title": "35yd. Black Gorilla Tape", "url": "/Gorilla-6035180T-35yd-Black-Tape/dp/B07WGJJT73/ref=sr_1_8?dchild=1&keywords=gorilla&qid=1611362505&sr=8-8", "rating": "4.8 out of 5 stars", "reviews": "537", "price": "CDN$\u00a010.98", "search_url": "https://www.amazon.ca/s?k=gorillas&page=1"}
,{"title": "Gorilla Waterproof Patch & Seal Tape, 4\" x 10', White (Pack of 1)", "url": "/Waterproof-Patch-White-4-inch-10-pound/dp/B08126M2R4/ref=sr_1_9?dchild=1&keywords=gorilla&qid=1611362505&sr=8-9", "rating": "4.4 out of 5 stars", "reviews": "6,331", "price": "CDN$\u00a028.69", "search_url": "https://www.amazon.ca/s?k=gorillas&page=1"}
,{"title": "Gorilla Epoxy", "url": "/Gorilla-4200602-Epoxy/dp/B07W6C9R4K/ref=sr_1_10?dchild=1&keywords=gorilla&qid=1611362505&sr=8-10", "rating": "4.5 out of 5 stars", "reviews": "369", "price": "CDN$\u00a08.28", "search_url": "https://www.amazon.ca/s?k=gorillas&page=1"}
,{"title": "2x3g Gorilla Super Glue", "url": "/Gorilla-7900301-2x3g-Super-Glue/dp/B07W8LJLBC/ref=sr_1_11?dchild=1&keywords=gorilla&qid=1611362505&sr=8-11", "rating": "4.6 out of 5 stars", "reviews": "307", "price": "CDN$\u00a05.88", "search_url": "https://www.amazon.ca/s?k=gorillas&page=1"}
,{"title": "Gorilla 6065016 6065001-2 Double-Sided Tough and Clear Mounting Tape (2 Pack), 1\" x 60\", Clear", "url": "/Gorilla-6065016-6065001-2-Double-Sided-Mounting/dp/B01MG65C24/ref=sr_1_12?dchild=1&keywords=gorilla&qid=1611362505&sr=8-12", "rating": "4.4 out of 5 stars", "reviews": "3,500", "price": "CDN$\u00a021.16", "search_url": "https://www.amazon.ca/s?k=gorillas&page=1"}
,{"title": "Gorilla Tough & Clear Double Sided XL Mounting Tape, 1\" x 150\", Clear, (Pack of 1), 6036002", "url": "/Gorilla-6036002-Tough-Mounting-inches/dp/B07LFRN1K8/ref=sr_1_13?dchild=1&keywords=gorilla&qid=1611362505&sr=8-13", "rating": "4.2 out of 5 stars", "reviews": "6,699", "price": "CDN$\u00a019.82", "search_url": "https://www.amazon.ca/s?k=gorillas&page=1"}
,{"title": "Gorilla Tape to-Go", "url": "/Gorilla-6101001-Tape-to-Go/dp/B07W5CHDQY/ref=sr_1_14?dchild=1&keywords=gorilla&qid=1611362505&sr=8-14", "rating": "4.5 out of 5 stars", "reviews": "23,976", "price": "CDN$\u00a03.58", "search_url": "https://www.amazon.ca/s?k=gorillas&page=1"}
,{"title": "4oz. Original Gorilla Glue", "url": "/Gorilla-5100430-4oz-Original-Glue/dp/B07W8LJBWP/ref=sr_1_15?dchild=1&keywords=gorilla&qid=1611362505&sr=8-15", "rating": "4.4 out of 5 stars", "reviews": "347", "price": "CDN$\u00a012.48", "search_url": "https://www.amazon.ca/s?k=gorillas&page=1"}
,{"title": "Gorilla Tough & Wide Duct Tape, 2.88\" x 30 yd, Black, (Pack of 1)", "url": "/Gorilla-6003001-Tape-Tough-Wide/dp/B003KTLRUA/ref=sr_1_16?dchild=1&keywords=gorilla&qid=1611362505&sr=8-16", "rating": "4.7 out of 5 stars", "reviews": "23,429", "price": "CDN$\u00a017.98", "search_url": "https://www.amazon.ca/s?k=gorillas&page=1"}
,{"title": "Gorilla Glue Original, 2 Ounce (Pack of 1)", "url": "/Gorilla-51002C-2oz-Original-Glue/dp/B07W47FXMD/ref=sr_1_17?dchild=1&keywords=gorilla&qid=1611362505&sr=8-17", "rating": "4.5 out of 5 stars", "reviews": "312", "price": "CDN$\u00a07.48", "search_url": "https://www.amazon.ca/s?k=gorillas&page=1"}
,{"title": "Gorilla Crystal Clear Duct Tape, 1.5\u201d X 5 yd", "url": "/Gorilla-Crystal-Clear-Duct-Tape/dp/B07ZMB2P9Z/ref=sr_1_18?dchild=1&keywords=gorilla&qid=1611362505&sr=8-18", "rating": "4.6 out of 5 stars", "reviews": "92", "price": "CDN$\u00a06.47", "search_url": "https://www.amazon.ca/s?k=gorillas&page=1"}
,{"title": "18oz. Gorilla Wood Glue, 6215230, White", "url": "/Gorilla-6215230-18oz-Wood-Glue/dp/B00K2N502I/ref=sr_1_19?dchild=1&keywords=gorilla&qid=1611362505&sr=8-19", "rating": "4.7 out of 5 stars", "reviews": "489", "price": "CDN$\u00a08.47", "search_url": "https://www.amazon.ca/s?k=gorillas&page=1"}
,{"title": "8oz. Original Gorilla Glue", "url": "/Gorilla-50008C-8oz-Original-Glue/dp/B07W8LJBWN/ref=sr_1_20?dchild=1&keywords=gorilla&qid=1611362505&sr=8-20", "rating": "4.5 out of 5 stars", "reviews": "50", "price": "CDN$\u00a019.23", "search_url": "https://www.amazon.ca/s?k=gorillas&page=1"}
,{"title": "Pelle Patch - Leather & Vinyl Adhesive Repair Patch - 25 Colors Available - Heavy-Duty 8x11 - Dark Blue", "url": "/gp/slredirect/picassoRedirect.html/ref=pa_sp_mtf_aps_sr_pg1_1?ie=UTF8&adId=A06764876TLSZM3BQN0Y&url=%2FPelle-Patch-Adhesive-Available-Heavy-Duty%2Fdp%2FB07JHKRNNW%2Fref%3Dsr_1_21_sspa%3Fdchild%3D1%26keywords%3Dgorilla%26qid%3D1611362505%26sr%3D8-21-spons%26psc%3D1&qualifier=1611362505&id=6003327849799559&widgetName=sp_mtf", "rating": "3.8 out of 5 stars", "reviews": "3,634", "price": "CDN$\u00a014.95", "search_url": "https://www.amazon.ca/s?k=gorillas&page=1"}
,{"title": "XFasten Clear Double Sided Sticky Tape, Removable, 2-Inches x 20-Yards, Single Roll Ideal as an Anti-Scratch Cat Training Tape, Holding Carpets, and Woodworking", "url": "/gp/slredirect/picassoRedirect.html/ref=pa_sp_mtf_aps_sr_pg1_1?ie=UTF8&adId=A08289471JG0BUSMS1KUT&url=%2FXFasten-Removable-2-inches-Anti-Scratch-Woodworking%2Fdp%2FB077P513V4%2Fref%3Dsr_1_22_sspa%3Fdchild%3D1%26keywords%3Dgorilla%26qid%3D1611362505%26sr%3D8-22-spons%26psc%3D1&qualifier=1611362505&id=6003327849799559&widgetName=sp_mtf", "rating": "4.4 out of 5 stars", "reviews": "802", "price": "CDN$\u00a012.99", "search_url": "https://www.amazon.ca/s?k=gorillas&page=1"}
,{"title": "3M Double Sided Tape, Easy Peel 3M Heavy Duty Mounting Weatherproof VHB Foam Tape, 32FT Length, 0.5 Inch Width, 1.1mm Thickness for Car, Home and Office Decor", "url": "/gp/slredirect/picassoRedirect.html/ref=pa_sp_mtf_aps_sr_pg1_1?ie=UTF8&adId=A06714613JUXSLTLWR1S2&url=%2FDouble-Mounting-Weatherproof-Length-Thickness%2Fdp%2FB08GFXPRJX%2Fref%3Dsr_1_23_sspa%3Fdchild%3D1%26keywords%3Dgorilla%26qid%3D1611362505%26sr%3D8-23-spons%26psc%3D1&qualifier=1611362505&id=6003327849799559&widgetName=sp_mtf", "rating": "4.3 out of 5 stars", "reviews": "103", "price": "CDN$\u00a022.45", "search_url": "https://www.amazon.ca/s?k=gorillas&page=1"}
,{"title": "12 Pack Hook Loop Tape, EOTW 1\" x 4\" Strong Tape Double Sided Adhesive Sticky Reusable Hook and Loop Interlocking Mounting Tape Removable Wall Fastener Tape", "url": "/gp/slredirect/picassoRedirect.html/ref=pa_sp_mtf_aps_sr_pg1_1?ie=UTF8&adId=A03267951754K913SOU43&url=%2FEOTW-Adhesive-Reusable-Mounting-Removable%2Fdp%2FB07C8BKMLL%2Fref%3Dsr_1_24_sspa%3Fdchild%3D1%26keywords%3Dgorilla%26qid%3D1611362505%26sr%3D8-24-spons%26psc%3D1&qualifier=1611362505&id=6003327849799559&widgetName=sp_mtf", "rating": "4.4 out of 5 stars", "reviews": "239", "price": "CDN$\u00a014.98", "search_url": "https://www.amazon.ca/s?k=gorillas&page=1"}
,{"title": "Gorilla Dual Temp Mini Hot Glue Gun Kit with 75 Hot Glue Sticks, (Pack of 1)", "url": "/Gorilla-8401515-Glue-Sticks-Orange/dp/B07K798MK9/ref=sr_1_25?dchild=1&keywords=gorilla&qid=1611362505&sr=8-25", "rating": "4.4 out of 5 stars", "reviews": "4,002", "price": "CDN$\u00a026.07", "search_url": "https://www.amazon.ca/s?k=gorillas&page=1"}
,{"title": "Gorilla White 100 Percent Silicone Sealant Caulk, Waterproof and Mold & Mildew Resistant, 10 Ounce Cartridge, White, (Pack of 6)", "url": "/Gorilla-8060001-Percent-Silicone-Cartridge/dp/B07CV2PRXG/ref=sr_1_26?dchild=1&keywords=gorilla&qid=1611362505&sr=8-26", "rating": "4.8 out of 5 stars", "reviews": "100", "price": "CDN$\u00a071.16", "search_url": "https://www.amazon.ca/s?k=gorillas&page=1"}
,{"title": "Gorilla Waterproof Patch & Seal Tape 4\" x 10' Black, (Pack of 1)", "url": "/Gorilla-4612502-Waterproof-Patch-Black/dp/B07HSKRYQW/ref=sr_1_27?dchild=1&keywords=gorilla&qid=1611362505&sr=8-27", "rating": "4.4 out of 5 stars", "reviews": "8,225", "price": "CDN$\u00a028.70", "search_url": "https://www.amazon.ca/s?k=gorillas&page=1"}
,{"title": "Gorillas: A Journey For Survival", "url": "/gp/video/ssoredirect/?ru=https%3A%2F%2Fapp.primevideo.com%2Fdetail%3Fgti%3Damzn1.dv.gti.aab44409-a87e-e2f2-5c8d-58a148e85354%26ref_%3Ddvm_src_ret_ca_xx_s&page-type-id=B0867N44CS&ref=sr_1_28&keywords=gorilla&qid=1611362505&sr=8-28", "rating": null, "reviews": null, "price": null, "search_url": "https://www.amazon.ca/s?k=gorillas&page=1"}
,{"title": "Gorilla Grip Original Patented Bath, Shower Tub Mat, 35x16, Many Colors, Washable, XL Size Bathroom Bathtub Mats, Drain Holes, Suction Cups, Beige Opaque", "url": "/Original-Washable-Antibacterial-Phthalate-Bathroom/dp/B072Q3DRC4/ref=sr_1_29?dchild=1&keywords=gorilla&qid=1611362505&sr=8-29", "rating": "4.5 out of 5 stars", "reviews": "33,537", "price": "CDN$\u00a021.99", "search_url": "https://www.amazon.ca/s?k=gorillas&page=1"}
,{"title": "Gorilla 7700108 20 Gram 2-Pack Super Glue Gel, Clear", "url": "/Gorilla-7700108-2-Pack-Super-Clear/dp/B07MWR845K/ref=sr_1_30?dchild=1&keywords=gorilla&qid=1611362505&sr=8-30", "rating": "4.7 out of 5 stars", "reviews": "3,060", "price": "CDN$\u00a036.99", "search_url": "https://www.amazon.ca/s?k=gorillas&page=1"}
,{"title": "Gorilla Duct Tape, 1.88 in. x 12 yd, Silver, 1 - Pack", "url": "/Gorilla-Tape-Silver-Duct-1-88/dp/B06X9P8C2T/ref=sr_1_31?dchild=1&keywords=gorilla&qid=1611362505&sr=8-31", "rating": "4.7 out of 5 stars", "reviews": "596", "price": "CDN$\u00a06.97", "search_url": "https://www.amazon.ca/s?k=gorillas&page=1"}
,{"title": "Gorilla Carts Poly Garden Dump Cart with Steel Frame and 10\" Pneumatic Tires with a Capacity of 600 lb, Black", "url": "/Gorilla-Carts-Garden-Pneumatic-Capacity/dp/B01BECQAWO/ref=sr_1_32?dchild=1&keywords=gorilla&qid=1611362505&sr=8-32", "rating": "4.6 out of 5 stars", "reviews": "6,599", "price": "CDN$\u00a0183.17", "search_url": "https://www.amazon.ca/s?k=gorillas&page=1"}
,{"title": "Terra by Battat \u2013 Gorilla Family \u2013 Small Plastic Gorilla Animal Toy Miniatures for Kids 3-Years-Old & Up (4 Pc)", "url": "/Battat-An2729Z-Gorilla-Family-Playset/dp/B01FRVB762/ref=sr_1_33?dchild=1&keywords=gorilla&qid=1611362505&sr=8-33", "rating": "4.8 out of 5 stars", "reviews": "717", "price": "CDN$\u00a016.99", "search_url": "https://www.amazon.ca/s?k=gorillas&page=1"}
,{"title": "Aurora Gorilla Miyoni Plush Stuffed Animal 11\"", "url": "/Aurora-Gorilla-11-Inch-Miyoni-Stuffed/dp/B006UPHQR4/ref=sr_1_34?dchild=1&keywords=gorilla&qid=1611362505&sr=8-34", "rating": "4.5 out of 5 stars", "reviews": "88", "price": "CDN$\u00a023.99", "search_url": "https://www.amazon.ca/s?k=gorillas&page=1"}
,{"title": "Gorilla Clear 100 Percent Silicone Sealant Caulk, Waterproof and Mold & Mildew Resistant, 10 ounce Cartridge, Clear, (Pack of 1)", "url": "/Gorilla-Silicone-Waterproof-Resistant-Cartridge/dp/B01MQW8AEM/ref=sr_1_35?dchild=1&keywords=gorilla&qid=1611362505&sr=8-35", "rating": "4.6 out of 5 stars", "reviews": "3,605", "price": "CDN$\u00a023.99", "search_url": "https://www.amazon.ca/s?k=gorillas&page=1"}
,{"title": "Gorilla 6067201 Mounting Tape Squares, 1\" Pre-Cut, Clear (24 Squares)", "url": "/Gorilla-6067201-Mounting-Squares-Pre-Cut/dp/B0787PGKWR/ref=sr_1_36?dchild=1&keywords=gorilla&qid=1611362505&sr=8-36", "rating": "4.2 out of 5 stars", "reviews": "3,209", "price": "CDN$\u00a013.64", "search_url": "https://www.amazon.ca/s?k=gorillas&page=1"}
,{"title": "Gorilla Packaging Tape Tough & Wide with Dispenser, 2.83\" x 35 yd, Clear", "url": "/Gorilla-Packaging-Tough-Dispenser-Clear/dp/B00MR6FTAQ/ref=sr_1_37?dchild=1&keywords=gorilla&qid=1611362505&sr=8-37", "rating": "4.7 out of 5 stars", "reviews": "5,929", "price": "CDN$\u00a011.48", "search_url": "https://www.amazon.ca/s?k=gorillas&page=1"}
,{"title": "Gorilla Micro Precise Super Glue, 5 Gram, Clear, (Pack of 1)", "url": "/Gorilla-6770002-Micro-Precise-Super/dp/B07JZJWTMM/ref=sr_1_38?dchild=1&keywords=gorilla&qid=1611362505&sr=8-38", "rating": "4.7 out of 5 stars", "reviews": "4,173", "price": "CDN$\u00a023.47", "search_url": "https://www.amazon.ca/s?k=gorillas&page=1"}
,{"title": "Good Luck Sock Men's Gorilla Crew Socks - Grey, Adult Shoe Size 7-12", "url": "/Good-Luck-Sock-Gorilla-Socks/dp/B07652HCD4/ref=sr_1_39?dchild=1&keywords=gorilla&qid=1611362505&sr=8-39", "rating": "4.8 out of 5 stars", "reviews": "83", "price": "CDN$\u00a013.00", "search_url": "https://www.amazon.ca/s?k=gorillas&page=1"}
,{"title": "Gorilla 6060002 Crystal Clear Tape 18YD, 1 - Pack", "url": "/Gorilla-Crystal-Clear-Duct-Tape/dp/B0783SG446/ref=sr_1_40?dchild=1&keywords=gorilla&qid=1611362505&sr=8-40", "rating": "4.7 out of 5 stars", "reviews": "4,230", "price": "CDN$\u00a022.29", "search_url": "https://www.amazon.ca/s?k=gorillas&page=1"}
,{"title": "Gorilla 6009002 Weather Tape, 1-Pack, Black", "url": "/Gorilla-Weather-Waterproof-Temperature-Resistant/dp/B07GRJ8L55/ref=sr_1_41?dchild=1&keywords=gorilla&qid=1611362505&sr=8-41", "rating": "4.6 out of 5 stars", "reviews": "6,935", "price": "CDN$\u00a025.09", "search_url": "https://www.amazon.ca/s?k=gorillas&page=1"}
,{"title": "8oz. Gorilla Wood Glue", "url": "/Gorilla-6200230-8oz-Wood-Glue/dp/B07W3RTQC6/ref=sr_1_42?dchild=1&keywords=gorilla&qid=1611362505&sr=8-42", "rating": "4.6 out of 5 stars", "reviews": "230", "price": "CDN$\u00a010.99", "search_url": "https://www.amazon.ca/s?k=gorillas&page=1"}
,{"title": "Aurora Silverback Gorilla Miyoni Plush Stuffed Animal 13\"", "url": "/Aurora-Silverback-Gorilla-13-Inch-Stuffed/dp/B07BMH5BJM/ref=sr_1_43?dchild=1&keywords=gorilla&qid=1611362505&sr=8-43", "rating": "4.8 out of 5 stars", "reviews": "230", "price": "CDN$\u00a043.49", "search_url": "https://www.amazon.ca/s?k=gorillas&page=1"}
,{"title": "Gorilla Glue Minis", "url": "/The-Gorilla-Glue-Company-5100502/dp/B00KCKNZ28/ref=sr_1_44?dchild=1&keywords=gorilla&qid=1611362505&sr=8-44", "rating": "4.2 out of 5 stars", "reviews": "256", "price": "CDN$\u00a07.88", "search_url": "https://www.amazon.ca/s?k=gorillas&page=1"}
,{"title": "Gorillas: 2021 Wall & Office Calendar, 16 Month Calendar", "url": "/Gorillas-2021-Office-Calendar-Month/dp/B087L8RRG7/ref=sr_1_45?dchild=1&keywords=gorilla&qid=1611362505&sr=8-45", "rating": "3.5 out of 5 stars", "reviews": "3", "price": "CDN$\u00a014.99", "search_url": "https://www.amazon.ca/s?k=gorillas&page=1"}
,{"title": "Gorilla Grip Premium Silicone Oven Mitt and Pot Holder 4 Piece Set, Includes 2 Soft Slip Resistant Flexible Kitchen Cooking Mitts and Trivet Mats, Gloves and Potholders for Use on Hot Surfaces, Aqua", "url": "/Gorilla-Grip-Silicone-Resistant-Potholders/dp/B08D1K4J9S/ref=sr_1_46?dchild=1&keywords=gorilla&qid=1611362505&sr=8-46", "rating": null, "reviews": null, "price": "CDN$\u00a017.89", "search_url": "https://www.amazon.ca/s?k=gorillas&page=1"}
,{"title": "Wildlight Animal Carabiner Flashlight - Animal Keychain Lights (Gorilla)", "url": "/Wildlight-Animal-Carabiner-Flashlight-Labrador/dp/B000UT9WT6/ref=sr_1_47?dchild=1&keywords=gorilla&qid=1611362505&sr=8-47", "rating": "4.7 out of 5 stars", "reviews": "21", "price": "CDN$\u00a013.99", "search_url": "https://www.amazon.ca/s?k=gorillas&page=1"}
,{"title": "The Gorilla (1939)", "url": "/gp/video/ssoredirect/?ru=https%3A%2F%2Fapp.primevideo.com%2Fdetail%3Fgti%3Damzn1.dv.gti.14b25261-a23a-0703-578a-ce1c193e460f%26ref_%3Ddvm_src_ret_ca_xx_s&page-type-id=B0821VMLP8&ref=sr_1_48&keywords=gorilla&qid=1611362505&sr=8-48", "rating": "3.9 out of 5 stars", "reviews": "15", "price": null, "search_url": "https://www.amazon.ca/s?k=gorillas&page=1"}
,{"title": "Gorilla Grip Original Premium Knife Sharpener, Professional Kitchen Chef 3 Slot Design, Easy Sharpening, Non Slip Grip, Safely Sharpen Knives, Restore Your Dull Knife for A Sharp Edge, Turquoise", "url": "/Gorilla-Grip-Sharpener-Professional-Sharpening/dp/B08FXT26GQ/ref=sr_1_49?dchild=1&keywords=gorilla&qid=1611362505&sr=8-49", "rating": "4.6 out of 5 stars", "reviews": "1,465", "price": "CDN$\u00a013.99", "search_url": "https://www.amazon.ca/s?k=gorillas&page=1"}
,{"title": "Gorilla Heavy Duty Large Core Packing Tape for Moving, Shipping and Storage, 1.88\" x 40 yd, Clear, (Pack of 1)", "url": "/Gorilla-Packing-Moving-Shipping-Storage/dp/B079STTLR5/ref=sr_1_50?dchild=1&keywords=gorilla&qid=1611362505&sr=8-50", "rating": "4.7 out of 5 stars", "reviews": "2,786", "price": "CDN$\u00a011.38", "search_url": "https://www.amazon.ca/s?k=gorillas&page=1"}
,{"title": "Gorilla Crystal Clear Duct Tape, 1.88\u201d x 18 yd, Clear, (Pack of 2)", "url": "/Gorilla-Crystal-Clear-Duct-Tape/dp/B07MY1ZYKF/ref=sr_1_51?dchild=1&keywords=gorilla&qid=1611362505&sr=8-51", "rating": "4.8 out of 5 stars", "reviews": "337", "price": "CDN$\u00a035.69", "search_url": "https://www.amazon.ca/s?k=gorillas&page=1"}
,{"title": "Gorilla 6034015 Heavy Duty Packing Tape Multipack with Dispenser, 1.88\" x 25 Yd, Clear, 6 Piece", "url": "/Gorilla-6034015-Packing-Multipack-Dispenser/dp/B078XXVZLQ/ref=sr_1_52?dchild=1&keywords=gorilla&qid=1611362505&sr=8-52", "rating": "4.8 out of 5 stars", "reviews": "688", "price": "CDN$\u00a041.25", "search_url": "https://www.amazon.ca/s?k=gorillas&page=1"}
,{"title": "Schleich Wild Life Gorilla Male Educational Figurine for Kids Ages 3-8", "url": "/Schleich-14770-America-Gorilla-Figure/dp/B01M3NBACG/ref=sr_1_53?dchild=1&keywords=gorilla&qid=1611362505&sr=8-53", "rating": "4.8 out of 5 stars", "reviews": "1,386", "price": "CDN$\u00a015.25", "search_url": "https://www.amazon.ca/s?k=gorillas&page=1"}
,{"title": "Ty Beanie Boos Plush-George The Gorilla", "url": "/Ty-Beanie-Boos-Plush-George-Gorilla/dp/B01N4G2DO4/ref=sr_1_54?dchild=1&keywords=gorilla&qid=1611362505&sr=8-54", "rating": "4.8 out of 5 stars", "reviews": "475", "price": "CDN$\u00a015.84", "search_url": "https://www.amazon.ca/s?k=gorillas&page=1"}
,{"title": "GORILLA Heavy Duty Packing Tape W/Dispenser, 25 yd", "url": "/GORILLA-Heavy-Duty-Packing-Dispenser/dp/B081765RTS/ref=sr_1_55?dchild=1&keywords=gorilla&qid=1611362505&sr=8-55", "rating": "4.5 out of 5 stars", "reviews": "36", "price": "CDN$\u00a011.99", "search_url": "https://www.amazon.ca/s?k=gorillas&page=1"}
,{"title": "Gorilla Glue Gorilla Double-Sided Heavy Duty Mounting Tape 1\"X60\"-Black", "url": "/Gorilla-Double-Sided-Heavy-Mounting-Black/dp/B07PYG86FC/ref=sr_1_56?dchild=1&keywords=gorilla&qid=1611362505&sr=8-56", "rating": "4.4 out of 5 stars", "reviews": "84", "price": "CDN$\u00a010.97", "search_url": "https://www.amazon.ca/s?k=gorillas&page=1"}
,{"title": "Camco 40433 RV Roof Vent Cover (White)", "url": "/gp/slredirect/picassoRedirect.html/ref=pa_sp_btf_aps_sr_pg1_1?ie=UTF8&adId=A04103971XW3R6JD9C49C&url=%2FCamco-40433-Roof-Cover-White%2Fdp%2FB000EDQQE2%2Fref%3Dsr_1_57_sspa%3Fdchild%3D1%26keywords%3Dgorilla%26qid%3D1611362505%26sr%3D8-57-spons%26psc%3D1&qualifier=1611362505&id=6003327849799559&widgetName=sp_btf", "rating": "4.7 out of 5 stars", "reviews": "834", "price": "CDN$\u00a055.22", "search_url": "https://www.amazon.ca/s?k=gorillas&page=1"}
,{"title": "PE Foam Double-Sided Adhesive Tape -Outdoor and Indoor Super Strong Foam Seal Strip for Automotive Mounting\uff0cWeatherproof Decorative and Trim\uff0cCar Trim Strip\uff0cPhoto Frame (Wide 4 in Long 33 Ft)", "url": "/gp/slredirect/picassoRedirect.html/ref=pa_sp_btf_aps_sr_pg1_1?ie=UTF8&adId=A00822573BRYVWEJEZ8TE&url=%2FDouble-Sided-Automotive-Mounting%25EF%25BC%258CWeatherproof-Decorative-Strip%25EF%25BC%258CPhoto%2Fdp%2FB07PBMZZYB%2Fref%3Dsr_1_58_sspa%3Fdchild%3D1%26keywords%3Dgorilla%26qid%3D1611362505%26sr%3D8-58-spons%26psc%3D1&qualifier=1611362505&id=6003327849799559&widgetName=sp_btf", "rating": "4.1 out of 5 stars", "reviews": "177", "price": "CDN$\u00a019.99", "search_url": "https://www.amazon.ca/s?k=gorillas&page=1"}
,{"title": "3M Extreme Hold Duct Tape, 1.88 in x 20 yd (48 mm x 18.2 m), 1 Roll Black Duct Tape, 2820-AF", "url": "/gp/slredirect/picassoRedirect.html/ref=pa_sp_btf_aps_sr_pg1_1?ie=UTF8&adId=A0864728214GQVOD92ZME&url=%2F3MTM-Extreme-Hold-Duct-Tape%2Fdp%2FB00EZ0RKEU%2Fref%3Dsr_1_59_sspa%3Fdchild%3D1%26keywords%3Dgorilla%26qid%3D1611362505%26sr%3D8-59-spons%26psc%3D1&qualifier=1611362505&id=6003327849799559&widgetName=sp_btf", "rating": "4.5 out of 5 stars", "reviews": "166", "price": "CDN$\u00a09.48", "search_url": "https://www.amazon.ca/s?k=gorillas&page=1"}
,{"title": "Double Sided Gel Tape Traceless Washable Adhesive Tape Removable Nano Gel Pads for for Home Office DIY Need, 2 mm in Thickness (9.84 Feet)", "url": "/gp/slredirect/picassoRedirect.html/ref=pa_sp_btf_aps_sr_pg1_1?ie=UTF8&adId=A04107547MBMVQN6RHNA&url=%2FMulti-Functional-Double-Sided-Reusable-Traceless-Transparent%2Fdp%2FB07RRPN1SN%2Fref%3Dsr_1_60_sspa%3Fdchild%3D1%26keywords%3Dgorilla%26qid%3D1611362505%26sr%3D8-60-spons%26psc%3D1&qualifier=1611362505&id=6003327849799559&widgetName=sp_btf", "rating": "3.2 out of 5 stars", "reviews": "306", "price": "CDN$\u00a015.59", "search_url": "https://www.amazon.ca/s?k=gorillas&page=1"}
,{"title": "Pelle Patch - Leather & Vinyl Adhesive Repair Patch - 25 Colors Available - Heavy-Duty 8x11 - Dark Blue", "url": "/gp/slredirect/picassoRedirect.html/ref=pa_sp_atf_next_aps_sr_pg2_1?ie=UTF8&adId=A06764876TLSZM3BQN0Y&url=%2FPelle-Patch-Adhesive-Available-Heavy-Duty%2Fdp%2FB07JHKRNNW%2Fref%3Dsr_1_49_sspa%3Fdchild%3D1%26keywords%3Dgorilla%26qid%3D1611362506%26sr%3D8-49-spons%26psc%3D1&qualifier=1611362506&id=8418491746228859&widgetName=sp_atf_next", "rating": "3.8 out of 5 stars", "reviews": "3,634", "price": "CDN$\u00a014.95", "search_url": "https://www.amazon.ca/s?k=gorillas&page=2"}
,{"title": "12 Pack Hook Loop Tape, EOTW 1\" x 4\" Strong Tape Double Sided Adhesive Sticky Reusable Hook and Loop Interlocking Mounting Tape Removable Wall Fastener Tape", "url": "/gp/slredirect/picassoRedirect.html/ref=pa_sp_atf_next_aps_sr_pg2_1?ie=UTF8&adId=A03267951754K913SOU43&url=%2FEOTW-Adhesive-Reusable-Mounting-Removable%2Fdp%2FB07C8BKMLL%2Fref%3Dsr_1_50_sspa%3Fdchild%3D1%26keywords%3Dgorilla%26qid%3D1611362506%26sr%3D8-50-spons%26psc%3D1&qualifier=1611362506&id=8418491746228859&widgetName=sp_atf_next", "rating": "4.4 out of 5 stars", "reviews": "239", "price": "CDN$\u00a014.98", "search_url": "https://www.amazon.ca/s?k=gorillas&page=2"}
,{"title": "Camco 40433 RV Roof Vent Cover (White)", "url": "/gp/slredirect/picassoRedirect.html/ref=pa_sp_atf_next_aps_sr_pg2_1?ie=UTF8&adId=A04103971XW3R6JD9C49C&url=%2FCamco-40433-Roof-Cover-White%2Fdp%2FB000EDQQE2%2Fref%3Dsr_1_51_sspa%3Fdchild%3D1%26keywords%3Dgorilla%26qid%3D1611362506%26sr%3D8-51-spons%26psc%3D1&qualifier=1611362506&id=8418491746228859&widgetName=sp_atf_next", "rating": "4.7 out of 5 stars", "reviews": "834", "price": "CDN$\u00a055.22", "search_url": "https://www.amazon.ca/s?k=gorillas&page=2"}
,{"title": "PE Foam Double-Sided Adhesive Tape -Outdoor and Indoor Super Strong Foam Seal Strip for Automotive Mounting\uff0cWeatherproof Decorative and Trim\uff0cCar Trim Strip\uff0cPhoto Frame (Wide 4 in Long 33 Ft)", "url": "/gp/slredirect/picassoRedirect.html/ref=pa_sp_atf_next_aps_sr_pg2_1?ie=UTF8&adId=A00822573BRYVWEJEZ8TE&url=%2FDouble-Sided-Automotive-Mounting%25EF%25BC%258CWeatherproof-Decorative-Strip%25EF%25BC%258CPhoto%2Fdp%2FB07PBMZZYB%2Fref%3Dsr_1_52_sspa%3Fdchild%3D1%26keywords%3Dgorilla%26qid%3D1611362506%26sr%3D8-52-spons%26psc%3D1&qualifier=1611362506&id=8418491746228859&widgetName=sp_atf_next", "rating": "4.1 out of 5 stars", "reviews": "177", "price": "CDN$\u00a019.99", "search_url": "https://www.amazon.ca/s?k=gorillas&page=2"}
,{"title": "Gorilla Clear Glue, 1.75 Ounce Bottle, Clear (Pack of 1)", "url": "/Gorilla-Clear-Glue-Ounce-Bottle/dp/B06WD6R96X/ref=sr_1_53?dchild=1&keywords=gorilla&qid=1611362506&sr=8-53", "rating": "4.6 out of 5 stars", "reviews": "2,843", "price": "CDN$\u00a014.68", "search_url": "https://www.amazon.ca/s?k=gorillas&page=2"}
,{"title": "GORILLA Packing Tape Tough & Wide Refill, 30 yd, 2 Rolls", "url": "/GORILLA-Packing-Tough-Refill-Rolls/dp/B0817BCV47/ref=sr_1_54?dchild=1&keywords=gorilla&qid=1611362506&sr=8-54", "rating": "4.8 out of 5 stars", "reviews": "22", "price": "CDN$\u00a017.99", "search_url": "https://www.amazon.ca/s?k=gorillas&page=2"}
,{"title": "Gorilla 3034518 Hot Glue Sticks, 4 in. Full Size, 45 Count, 1 Pack", "url": "/Gorilla-Sticks-Diameter-Count-Clear/dp/B06X1CZWC5/ref=sr_1_55?dchild=1&keywords=gorilla&qid=1611362506&sr=8-55", "rating": "4.7 out of 5 stars", "reviews": "7,733", "price": "CDN$\u00a029.45", "search_url": "https://www.amazon.ca/s?k=gorillas&page=2"}
,{"title": "Gorilla Black Duct Tape, 1.88\" x 12 yd, Black, (Pack of 2)", "url": "/Gorilla-Tape-Black-Duct-1-88/dp/B00N150YS4/ref=sr_1_56?dchild=1&keywords=gorilla&qid=1611362506&sr=8-56", "rating": "4.8 out of 5 stars", "reviews": "583", "price": "CDN$\u00a019.05", "search_url": "https://www.amazon.ca/s?k=gorillas&page=2"}
,{"title": "Premium Extra Large Exercise Mat - 9' x 6' x 1/4\" Ultra Durable, Non-Slip, Workout Mats for Home Gym Flooring - Plyo, Jump, Cardio Mat - Use With or Without Shoes (274cm Long x 183cm Wide x 6mm Thick)", "url": "/Premium-Large-Exercise-Mat-Gorilla/dp/B07X1V3YZW/ref=sr_1_57?dchild=1&keywords=gorilla&qid=1611362506&sr=8-57", "rating": "4.7 out of 5 stars", "reviews": "36", "price": "CDN$\u00a0359.95", "search_url": "https://www.amazon.ca/s?k=gorillas&page=2"}
,{"title": "3M Double Sided Tape, Easy Peel 3M Heavy Duty Mounting Weatherproof VHB Foam Tape, 32FT Length, 0.5 Inch Width, 1.1mm Thickness for Car, Home and Office Decor", "url": "/Double-Mounting-Weatherproof-Length-Thickness/dp/B08GFXPRJX/ref=sr_1_58?dchild=1&keywords=gorilla&qid=1611362506&sr=8-58", "rating": "4.3 out of 5 stars", "reviews": "103", "price": "CDN$\u00a022.45", "search_url": "https://www.amazon.ca/s?k=gorillas&page=2"}
,{"title": "Gorilla Crystal Clear Duct Tape Tough & Wide, 2.83\" x 15 yd (Pack of 1),101277", "url": "/Gorilla-Crystal-Clear-Duct-Tough/dp/B082T5X86W/ref=sr_1_59?dchild=1&keywords=gorilla&qid=1611362506&sr=8-59", "rating": "4.6 out of 5 stars", "reviews": "1,737", "price": "CDN$\u00a028.85", "search_url": "https://www.amazon.ca/s?k=gorillas&page=2"}
,{"title": "Gorilla Super Glue Gel, 15 g", "url": "/Gorilla-Super-Glue-Gel-15/dp/B00CJ5EO2E/ref=sr_1_60?dchild=1&keywords=gorilla&qid=1611362506&sr=8-60", "rating": "4.5 out of 5 stars", "reviews": "15,905", "price": "CDN$\u00a08.95", "search_url": "https://www.amazon.ca/s?k=gorillas&page=2"}
,{"title": "XFasten RV Awning Repair Tape, 6-Inch by 30-Foot, Waterproof Rip Stop Patch for Vinyl, RV punctures, Camper, Awning, Canopy, Tents, Tarpaulin and Greenhouse", "url": "/XFasten-Waterproof-punctures-Tarpaulin-Greenhouse/dp/B07Q1NF8PY/ref=sr_1_61?dchild=1&keywords=gorilla&qid=1611362506&sr=8-61", "rating": "4.1 out of 5 stars", "reviews": "176", "price": "CDN$\u00a033.99", "search_url": "https://www.amazon.ca/s?k=gorillas&page=2"}
,{"title": "Gorilla 6055001-2 Double-Sided Heavy Duty Mounting Tape (2 Pack), 1\" x 60\", Black", "url": "/Gorilla-6055001-2-Double-Sided-Heavy-Mounting/dp/B01M7VCYFA/ref=sr_1_62?dchild=1&keywords=gorilla&qid=1611362506&sr=8-62", "rating": "4.3 out of 5 stars", "reviews": "18,863", "price": "CDN$\u00a035.40", "search_url": "https://www.amazon.ca/s?k=gorillas&page=2"}
,{"title": "Gorilla Heavy Duty Large Core Packing Tape for Moving, Shipping and Storage, 1.88\" x 40 yd, Clear, (Pack of 6)", "url": "/Gorilla-Packing-Moving-Shipping-Storage/dp/B07C38JPB9/ref=sr_1_63?dchild=1&keywords=gorilla&qid=1611362506&sr=8-63", "rating": "4.8 out of 5 stars", "reviews": "177", "price": "CDN$\u00a051.65", "search_url": "https://www.amazon.ca/s?k=gorillas&page=2"}
,{"title": "Gorilla Black Duct Tape, 1.88\" x 38.5 yd, Black, (Pack of 1),6038505", "url": "/Gorilla-Tape-Black-Duct-1-88/dp/B07FQZ8Z2K/ref=sr_1_64?dchild=1&keywords=gorilla&qid=1611362506&sr=8-64", "rating": "4.8 out of 5 stars", "reviews": "396", "price": null, "search_url": "https://www.amazon.ca/s?k=gorillas&page=2"}
,{"title": "GORILLA Heavy Duty Packing Tape W/Dispenser, 25 yd", "url": "/GORILLA-Heavy-Duty-Packing-Dispenser/dp/B081765RTS/ref=sr_1_65?dchild=1&keywords=gorilla&qid=1611362506&sr=8-65", "rating": "4.5 out of 5 stars", "reviews": "36", "price": "CDN$\u00a011.99", "search_url": "https://www.amazon.ca/s?k=gorillas&page=2"}
,{"title": "Gorilla ADHGGTCLR Clear Repair", "url": "/Gorilla-ADHGGTCLR-Clear-Repair/dp/B00EUGCT22/ref=sr_1_66?dchild=1&keywords=gorilla&qid=1611362506&sr=8-66", "rating": "4.5 out of 5 stars", "reviews": "10,621", "price": "CDN$\u00a018.55", "search_url": "https://www.amazon.ca/s?k=gorillas&page=2"}
,{"title": "Gorilla Grip Original Smooth Top Slip Resistant Drawer and Shelf Liner, Non Adhesive Roll, 20 Inch x 20 FT, Durable Kitchen Cabinet Shelves Liners for Kitchens Drawers and Desks, Gray", "url": "/Gorilla-Grip-Original-Slip-Resistant-Adhesive/dp/B07LC3PK59/ref=sr_1_67?dchild=1&keywords=gorilla&qid=1611362506&sr=8-67", "rating": "4.7 out of 5 stars", "reviews": "3,165", "price": "CDN$\u00a042.99", "search_url": "https://www.amazon.ca/s?k=gorillas&page=2"}
,{"title": "Gorilla White Tough & Wide Duct Tape, 2.88\" x 25 yd, White, (Pack of 1)", "url": "/Gorilla-6025302-White-Tough-Wide/dp/B07LFZF9KN/ref=sr_1_68?dchild=1&keywords=gorilla&qid=1611362506&sr=8-68", "rating": "4.7 out of 5 stars", "reviews": "1,152", "price": "CDN$\u00a028.27", "search_url": "https://www.amazon.ca/s?k=gorillas&page=2"}
,{"title": "XFasten Clear Double Sided Sticky Tape, Removable, 2-Inches x 20-Yards, Single Roll Ideal as an Anti-Scratch Cat Training Tape, Holding Carpets, and Woodworking", "url": "/gp/slredirect/picassoRedirect.html/ref=pa_sp_mtf_aps_sr_pg2_1?ie=UTF8&adId=A08289471JG0BUSMS1KUT&url=%2FXFasten-Removable-2-inches-Anti-Scratch-Woodworking%2Fdp%2FB077P513V4%2Fref%3Dsr_1_69_sspa%3Fdchild%3D1%26keywords%3Dgorilla%26qid%3D1611362506%26sr%3D8-69-spons%26psc%3D1&qualifier=1611362506&id=8418491746228859&widgetName=sp_mtf", "rating": "4.4 out of 5 stars", "reviews": "802", "price": "CDN$\u00a012.99", "search_url": "https://www.amazon.ca/s?k=gorillas&page=2"}
,{"title": "3M Double Sided Tape, Easy Peel 3M Heavy Duty Mounting Weatherproof VHB Foam Tape, 32FT Length, 0.5 Inch Width, 1.1mm Thickness for Car, Home and Office Decor", "url": "/gp/slredirect/picassoRedirect.html/ref=pa_sp_mtf_aps_sr_pg2_1?ie=UTF8&adId=A06714613JUXSLTLWR1S2&url=%2FDouble-Mounting-Weatherproof-Length-Thickness%2Fdp%2FB08GFXPRJX%2Fref%3Dsr_1_70_sspa%3Fdchild%3D1%26keywords%3Dgorilla%26qid%3D1611362506%26sr%3D8-70-spons%26psc%3D1&qualifier=1611362506&id=8418491746228859&widgetName=sp_mtf", "rating": "4.3 out of 5 stars", "reviews": "103", "price": "CDN$\u00a022.45", "search_url": "https://www.amazon.ca/s?k=gorillas&page=2"}
,{"title": "Gorilla Grip Original Premium Durable Cat Litter Mat, 35x23, XL Jumbo, Water Resistant, Traps Litter from Box and Cats, Scatter Control, Soft on Kitty Paws, Easy Clean Cat Mat, Gray", "url": "/gp/slredirect/picassoRedirect.html/ref=pa_sp_mtf_aps_sr_pg2_1?ie=UTF8&adId=A0772502378TS0ZO9XEM9&url=%2FOriginal-Non-Slip-Phthalate-Sensitive-Durable%2Fdp%2FB01MDNDDYS%2Fref%3Dsr_1_71_sspa%3Fdchild%3D1%26keywords%3Dgorilla%26qid%3D1611362506%26sr%3D8-71-spons%26psc%3D1&qualifier=1611362506&id=8418491746228859&widgetName=sp_mtf", "rating": "4.6 out of 5 stars", "reviews": "20,062", "price": "CDN$\u00a021.79", "search_url": "https://www.amazon.ca/s?k=gorillas&page=2"}
,{"title": "3M Extreme Hold Duct Tape, 1.88 in x 20 yd (48 mm x 18.2 m), 1 Roll Black Duct Tape, 2820-AF", "url": "/gp/slredirect/picassoRedirect.html/ref=pa_sp_mtf_aps_sr_pg2_1?ie=UTF8&adId=A0864728214GQVOD92ZME&url=%2F3MTM-Extreme-Hold-Duct-Tape%2Fdp%2FB00EZ0RKEU%2Fref%3Dsr_1_72_sspa%3Fdchild%3D1%26keywords%3Dgorilla%26qid%3D1611362506%26sr%3D8-72-spons%26psc%3D1&qualifier=1611362506&id=8418491746228859&widgetName=sp_mtf", "rating": "4.5 out of 5 stars", "reviews": "166", "price": "CDN$\u00a09.48", "search_url": "https://www.amazon.ca/s?k=gorillas&page=2"}
,{"title": "White Knight 3807BK-20AM 12mm x 1.50 Thread Size Spline Drive Lug Nut with Key, Black Chrome, 20-Pack", "url": "/White-Knight-3807BK-20AM-Thread-20-Pack/dp/B00B2FCFD2/ref=sr_1_73?dchild=1&keywords=gorilla&qid=1611362506&sr=8-73", "rating": "4.5 out of 5 stars", "reviews": "258", "price": "CDN$\u00a032.93", "search_url": "https://www.amazon.ca/s?k=gorillas&page=2"}
,{"title": "Gorilla Grip Premium Bathtub Overflow Drain Cover, Suction Cup Seal, Stopper Covers Add Inches of Water for Deeper Bath, for Tub Overflow Drains, Gray Transparent", "url": "/Gorilla-Grip-Overflow-Phthalate-Transparent/dp/B085YC3RH5/ref=sr_1_74?dchild=1&keywords=gorilla&qid=1611362506&sr=8-74", "rating": "4.4 out of 5 stars", "reviews": "2,295", "price": "CDN$\u00a013.61", "search_url": "https://www.amazon.ca/s?k=gorillas&page=2"}
,{"title": "Gorillas", "url": "/Gorillas-Patricia-Brennan-Demuth/dp/0448402173/ref=sr_1_75?dchild=1&keywords=gorilla&qid=1611362506&sr=8-75", "rating": "5.0 out of 5 stars", "reviews": "5", "price": "CDN$\u00a06.52", "search_url": "https://www.amazon.ca/s?k=gorillas&page=2"}
,{"title": "Premium Large Exercise Mat - 6' x 4' x 1/4\" Ultra Durable, Non-Slip, Workout Mats for Home Gym Flooring - Plyo, HIIT, Jump, Cardio Mat - Use With or Without Shoes (183cm Long x 122cm Wide x 6mm Thick)", "url": "/Premium-Large-Exercise-Mat-Non-Slip/dp/B07D96FDG9/ref=sr_1_76?dchild=1&keywords=gorilla&qid=1611362506&sr=8-76", "rating": "4.7 out of 5 stars", "reviews": "122", "price": "CDN$\u00a0219.95", "search_url": "https://www.amazon.ca/s?k=gorillas&page=2"}
,{"title": "Gorilla Removable Mounting Putty, 3-Pack, Off-White, 3 Pack", "url": "/Gorilla-Removable-Mounting-3-Pack-Off-White/dp/B08BGW19DK/ref=sr_1_77?dchild=1&keywords=gorilla&qid=1611362506&sr=8-77", "rating": "4.6 out of 5 stars", "reviews": "1,267", "price": "CDN$\u00a022.31", "search_url": "https://www.amazon.ca/s?k=gorillas&page=2"}
,{"title": "Scotch Extremely Strong Mounting Tape, Double Sided Foam Tape, 1 in x 60 in (2.54 cm x 1.52 m), 414DC-SFEF", "url": "/Scotch-Extremely-Strong-Mounting-414DC-SFEF/dp/B009NP1JQC/ref=sr_1_78?dchild=1&keywords=gorilla&qid=1611362506&sr=8-78", "rating": "4.2 out of 5 stars", "reviews": "21,818", "price": "CDN$\u00a08.97", "search_url": "https://www.amazon.ca/s?k=gorillas&page=2"}
,{"title": "Gorilla Tape Camo", "url": "/The-Gorilla-Glue-Company-6013902/dp/B00KCKNZ2S/ref=sr_1_79?dchild=1&keywords=gorilla&qid=1611362506&sr=8-79", "rating": "4.4 out of 5 stars", "reviews": "73", "price": "CDN$\u00a07.99", "search_url": "https://www.amazon.ca/s?k=gorillas&page=2"}
,{"title": "Premium Extra Large Exercise Mat - 8' x 4' x 1/4\" Ultra Durable, Non-Slip, Workout Mats for Home Gym Flooring - Plyo, Jump, Cardio Mat - Use With or Without Shoes (244cm Long x 122cm Wide x 6mm Thick)", "url": "/Premium-Extra-Large-Exercise-Mat/dp/B07D96P41Z/ref=sr_1_80?dchild=1&keywords=gorilla&qid=1611362506&sr=8-80", "rating": "4.8 out of 5 stars", "reviews": "66", "price": "CDN$\u00a0259.95", "search_url": "https://www.amazon.ca/s?k=gorillas&page=2"}
,{"title": "White Gorilla Glue Precision Pen (Packaging may vary)", "url": "/White-Gorilla-Glue-Precision-Packaging/dp/B00KCKNZ6O/ref=sr_1_81?dchild=1&keywords=gorilla&qid=1611362506&sr=8-81", "rating": "4.3 out of 5 stars", "reviews": "93", "price": "CDN$\u00a08.38", "search_url": "https://www.amazon.ca/s?k=gorillas&page=2"}
,{"title": "The Gorilla", "url": "/gp/video/ssoredirect/?ru=https%3A%2F%2Fapp.primevideo.com%2Fdetail%3Fgti%3Damzn1.dv.gti.c8a9f75f-bf70-ffa3-31b7-f16c6423cadb%26ref_%3Ddvm_src_ret_ca_xx_s&page-type-id=B07VRDV63Y&ref=sr_1_82&keywords=gorilla&qid=1611362506&sr=8-82", "rating": "3.9 out of 5 stars", "reviews": "15", "price": null, "search_url": "https://www.amazon.ca/s?k=gorillas&page=2"}
,{"title": "Gorilla 105450 White 4-pack Waterproof Patch & Seal Tape, 4 Pack", "url": "/Gorilla-105450-White-4-pack-Waterproof/dp/B08GDMZ9HW/ref=sr_1_83?dchild=1&keywords=gorilla&qid=1611362506&sr=8-83", "rating": "4.7 out of 5 stars", "reviews": "8", "price": "CDN$\u00a089.84", "search_url": "https://www.amazon.ca/s?k=gorillas&page=2"}
,{"title": "Gorilla Packing Tape Tough & Wide W/Dispenser, 35yd", "url": "/GORILLA-Packing-Tape-Tough-Dispenser/dp/B0817F85B3/ref=sr_1_84?dchild=1&keywords=gorilla&qid=1611362506&sr=8-84", "rating": null, "reviews": null, "price": "CDN$\u00a011.48", "search_url": "https://www.amazon.ca/s?k=gorillas&page=2"}
,{"title": "Gorilla White Glue, 2oz", "url": "/Gorilla-5202101C-White-Glue-2oz/dp/B07W5CH1FQ/ref=sr_1_85?dchild=1&keywords=gorilla&qid=1611362506&sr=8-85", "rating": "4.2 out of 5 stars", "reviews": "29", "price": "CDN$\u00a07.97", "search_url": "https://www.amazon.ca/s?k=gorillas&page=2"}
,{"title": "The Mountain Mens Gorilla Jungle", "url": "/Mountain-Gorilla-Jungle-Adult-T-Shirt/dp/B077DG5SCN/ref=sr_1_86?dchild=1&keywords=gorilla&qid=1611362506&sr=8-86", "rating": "4.9 out of 5 stars", "reviews": "34", "price": "CDN$\u00a041.99", "search_url": "https://www.amazon.ca/s?k=gorillas&page=2"}
,{"title": "Gorilla Carts GOR1400-COM Heavy-Duty Steel Utility Cart with Removable Sides and 15-Inch Tires, 1400-Pound Capacity, Black", "url": "/Gorilla-GOR1400-COM-Heavy-Duty-Removable-1400-Pound/dp/B01BFC5RZE/ref=sr_1_87?dchild=1&keywords=gorilla&qid=1611362506&sr=8-87", "rating": "4.6 out of 5 stars", "reviews": "778", "price": "CDN$\u00a0450.54", "search_url": "https://www.amazon.ca/s?k=gorillas&page=2"}
,{"title": "Gorilla Carts GCR-4 4 Cu. Ft, 300-pound Capacity, Poly Yard Cart, Black/Yellow", "url": "/Gorilla-Carts-GCR-4-300-pound-Capacity/dp/B08B43QY61/ref=sr_1_88?dchild=1&keywords=gorilla&qid=1611362506&sr=8-88", "rating": "4.8 out of 5 stars", "reviews": "99", "price": "CDN$\u00a0178.34", "search_url": "https://www.amazon.ca/s?k=gorillas&page=2"}
,{"title": "Gorilla Hot Glue Sticks, Full Size, 4\" Long x .43\" Diameter, 30 Count, Clear, (Pack of 1)", "url": "/Gorilla-3033002-Sticks-Count-1-Pack/dp/B06VWY19M2/ref=sr_1_89?dchild=1&keywords=gorilla&qid=1611362506&sr=8-89", "rating": "4.7 out of 5 stars", "reviews": "1,371", "price": "CDN$\u00a026.50", "search_url": "https://www.amazon.ca/s?k=gorillas&page=2"}
,{"title": "Gorilla Max Strength Clear Construction Adhesive, 9 Ounce Cartridge, (Pack of 1)", "url": "/Gorilla-Strength-Construction-Adhesive-Cartridge/dp/B07W6LFW9Z/ref=sr_1_90?dchild=1&keywords=gorilla&qid=1611362506&sr=8-90", "rating": "4.6 out of 5 stars", "reviews": "1,098", "price": "CDN$\u00a040.74", "search_url": "https://www.amazon.ca/s?k=gorillas&page=2"}
,{"title": "3M Extreme Hold Duct Tape, 1.88 in x 20 yd (48 mm x 18.2 m), 1 Roll Black Duct Tape, 2820-AF", "url": "/3MTM-Extreme-Hold-Duct-Tape/dp/B00EZ0RKEU/ref=sr_1_91?dchild=1&keywords=gorilla&qid=1611362506&sr=8-91", "rating": "4.5 out of 5 stars", "reviews": "166", "price": "CDN$\u00a09.48", "search_url": "https://www.amazon.ca/s?k=gorillas&page=2"}
,{"title": "Gorilla 7700104 Super Glue Gel (3 Pack)", "url": "/Gorilla-7700104-Super-Glue-Pack/dp/B08BLG3V6D/ref=sr_1_92?dchild=1&keywords=gorilla&qid=1611362506&sr=8-92", "rating": "5.0 out of 5 stars", "reviews": "3", "price": "CDN$\u00a081.99", "search_url": "https://www.amazon.ca/s?k=gorillas&page=2"}
,{"title": "Gorilla Grip Premium Silicone Oven Mitt and Pot Holder 4 Piece Set, Includes 2 Soft Slip Resistant Flexible Kitchen Cooking Mitts and Trivet Mats, Gloves and Potholders for Use on Hot Surfaces, Black", "url": "/Gorilla-Grip-Silicone-Resistant-Potholders/dp/B08D1YSZ73/ref=sr_1_93?dchild=1&keywords=gorilla&qid=1611362506&sr=8-93", "rating": null, "reviews": null, "price": "CDN$\u00a017.89", "search_url": "https://www.amazon.ca/s?k=gorillas&page=2"}
,{"title": "Gorilla Hot Glue Sticks, Mini Size, 4\" Long x .27\" Diameter, 75 Count, Clear, (Pack of 1)", "url": "/Gorilla-3027502-Sticks-Count-1-Pack/dp/B06W2NBCW5/ref=sr_1_94?dchild=1&keywords=gorilla&qid=1611362506&sr=8-94", "rating": "4.8 out of 5 stars", "reviews": "4,551", "price": "CDN$\u00a026.18", "search_url": "https://www.amazon.ca/s?k=gorillas&page=2"}
,{"title": "Gorilla Glue 50003 Original Gorilla Glue, Waterproof Polyurethane Glue, 2 Ounce Bottle, Brown", "url": "/Gorilla-Original-Glue-Brown/dp/B0000DD5EN/ref=sr_1_95?dchild=1&keywords=gorilla&qid=1611362506&sr=8-95", "rating": "4.6 out of 5 stars", "reviews": "1,733", "price": "CDN$\u00a07.48", "search_url": "https://www.amazon.ca/s?k=gorillas&page=2"}
,{"title": "Gorilla 8010001 Heavy Duty Construction Adhesive, 9 oz, White", "url": "/Gorilla-8010001-Heavy-Construction-Adhesive/dp/B010FYZJFQ/ref=sr_1_96?dchild=1&keywords=gorilla&qid=1611362506&sr=8-96", "rating": "4.5 out of 5 stars", "reviews": "2,611", "price": "CDN$\u00a018.30", "search_url": "https://www.amazon.ca/s?k=gorillas&page=2"}
,{"title": "Gorilla Grip Original Premium Knife Sharpener, Professional Kitchen Chef 3 Slot Design, Easy Sharpening, Non Slip Grip, Safely Sharpen Knives, Restore Your Dull Knife for A Sharp Edge, Turquoise", "url": "/Gorilla-Grip-Sharpener-Professional-Sharpening/dp/B08FXT26GQ/ref=sr_1_97?dchild=1&keywords=gorilla&qid=1611362506&sr=8-97", "rating": "4.6 out of 5 stars", "reviews": "1,465", "price": "CDN$\u00a013.99", "search_url": "https://www.amazon.ca/s?k=gorillas&page=2"}
,{"title": "Gorilla Double-Sided Tape, 1.41\" x 8yd, Gray, (Pack of 1),100925", "url": "/Gorilla-Double-Sided-Tape-1-41-Gray/dp/B082P44MVS/ref=sr_1_98?dchild=1&keywords=gorilla&qid=1611362506&sr=8-98", "rating": "3.9 out of 5 stars", "reviews": "873", "price": "CDN$\u00a011.66", "search_url": "https://www.amazon.ca/s?k=gorillas&page=2"}
,{"title": "RECUR Toys Albino Gorilla King Kong Toys - Large Realistic Hand Painted Walking Gorilla Ape Wild Animal Figurine Model \u2013 Replica White Gorilla Monkey Figure Gift for Collectors & Boys Kids 3+ (White)", "url": "/RECUR-Toys-Albino-Gorilla-King/dp/B07VPPPVL4/ref=sr_1_99?dchild=1&keywords=gorilla&qid=1611362506&sr=8-99", "rating": "4.7 out of 5 stars", "reviews": "1,160", "price": "CDN$\u00a059.99", "search_url": "https://www.amazon.ca/s?k=gorillas&page=2"}
,{"title": "Gorilla Tape, High Visibility Duct Tape, 1.88\" x 35 yd, Blaze Orange, (Pack of 1)", "url": "/Gorilla-Tape-Visibility-Blaze-Orange/dp/B06X3XVSM3/ref=sr_1_100?dchild=1&keywords=gorilla&qid=1611362506&sr=8-100", "rating": "4.8 out of 5 stars", "reviews": "325", "price": "CDN$\u00a025.20", "search_url": "https://www.amazon.ca/s?k=gorillas&page=2"}
,{"title": "Ware 089654 Gorilla Chew Natural, Medium, 1Piece", "url": "/WARE-089654-Gorilla-Natural-Medium/dp/B017D9F9U6/ref=sr_1_101?dchild=1&keywords=gorilla&qid=1611362506&sr=8-101", "rating": "4.2 out of 5 stars", "reviews": "120", "price": "CDN$\u00a024.99", "search_url": "https://www.amazon.ca/s?k=gorillas&page=2"}
,{"title": "Gorilla 100 Percent Silicone Sealant Caulk, 2.8 ounce Squeeze Tube, Clear, (Pack of 2)", "url": "/Gorilla-Percent-Silicone-Sealant-Squeeze/dp/B01M2AAHBV/ref=sr_1_102?dchild=1&keywords=gorilla&qid=1611362506&sr=8-102", "rating": "4.6 out of 5 stars", "reviews": "4,077", "price": "CDN$\u00a049.27", "search_url": "https://www.amazon.ca/s?k=gorillas&page=2"}
,{"title": "Ty Beanie Boos Plush-George The Gorilla", "url": "/Ty-Beanie-Boos-Plush-George-Gorilla/dp/B01N4G2DO4/ref=sr_1_103?dchild=1&keywords=gorilla&qid=1611362506&sr=8-103", "rating": "4.8 out of 5 stars", "reviews": "475", "price": "CDN$\u00a015.84", "search_url": "https://www.amazon.ca/s?k=gorillas&page=2"}
,{"title": "QUMOX Octopus Flexible Tripod Stand Gorillapod for Camera Digital DV DSLR Large", "url": "/QUMOX-Octopus-Flexible-Gorillapod-Digital/dp/B07HNXBJ7G/ref=sr_1_104?dchild=1&keywords=gorilla&qid=1611362506&sr=8-104", "rating": "4.3 out of 5 stars", "reviews": "72", "price": "CDN$\u00a018.29", "search_url": "https://www.amazon.ca/s?k=gorillas&page=2"}
,{"title": "Wildlight Animal Carabiner Flashlight - Animal Keychain Lights (Gorilla)", "url": "/gp/slredirect/picassoRedirect.html/ref=pa_sp_btf_aps_sr_pg2_1?ie=UTF8&adId=A0670495FJFI14GDRHHQ&url=%2FWildlight-Animal-Carabiner-Flashlight-Labrador%2Fdp%2FB000UT9WT6%2Fref%3Dsr_1_105_sspa%3Fdchild%3D1%26keywords%3Dgorilla%26qid%3D1611362506%26sr%3D8-105-spons%26psc%3D1&qualifier=1611362506&id=8418491746228859&widgetName=sp_btf", "rating": "4.7 out of 5 stars", "reviews": "21", "price": "CDN$\u00a013.99", "search_url": "https://www.amazon.ca/s?k=gorillas&page=2"}
,{"title": "Gorilla Clear 100 Percent Silicone Sealant Caulk, Waterproof and Mold & Mildew Resistant, 10 ounce Cartridge, Clear, (Pack of 1)", "url": "/gp/slredirect/picassoRedirect.html/ref=pa_sp_btf_aps_sr_pg2_1?ie=UTF8&adId=A01235823VLTYF9BVWHO2&url=%2FGorilla-Silicone-Waterproof-Resistant-Cartridge%2Fdp%2FB01MQW8AEM%2Fref%3Dsr_1_106_sspa%3Fdchild%3D1%26keywords%3Dgorilla%26qid%3D1611362506%26sr%3D8-106-spons%26psc%3D1%26smid%3DA2MSFK0FZ1Z0NY&qualifier=1611362506&id=8418491746228859&widgetName=sp_btf", "rating": "4.6 out of 5 stars", "reviews": "3,605", "price": "CDN$\u00a023.99", "search_url": "https://www.amazon.ca/s?k=gorillas&page=2"}
,{"title": "Ruita Industrial Repair Paste Glue Heat Resistance Cold Weld Metal Repair Paste", "url": "/gp/slredirect/picassoRedirect.html/ref=pa_sp_btf_aps_sr_pg2_1?ie=UTF8&adId=A00761741FIP95WLLJ4WY&url=%2FRuita-Industrial-Repair-Paste-Resistance%2Fdp%2FB082K8XVCG%2Fref%3Dsr_1_107_sspa%3Fdchild%3D1%26keywords%3Dgorilla%26qid%3D1611362506%26sr%3D8-107-spons%26psc%3D1&qualifier=1611362506&id=8418491746228859&widgetName=sp_btf", "rating": null, "reviews": null, "price": "CDN$\u00a015.99", "search_url": "https://www.amazon.ca/s?k=gorillas&page=2"}
,{"title": "Double Sided Gel Tape Traceless Washable Adhesive Tape Removable Nano Gel Pads for for Home Office DIY Need, 2 mm in Thickness (9.84 Feet)", "url": "/gp/slredirect/picassoRedirect.html/ref=pa_sp_btf_aps_sr_pg2_1?ie=UTF8&adId=A04107547MBMVQN6RHNA&url=%2FMulti-Functional-Double-Sided-Reusable-Traceless-Transparent%2Fdp%2FB07RRPN1SN%2Fref%3Dsr_1_108_sspa%3Fdchild%3D1%26keywords%3Dgorilla%26qid%3D1611362506%26sr%3D8-108-spons%26psc%3D1&qualifier=1611362506&id=8418491746228859&widgetName=sp_btf", "rating": "3.2 out of 5 stars", "reviews": "306", "price": "CDN$\u00a015.59", "search_url": "https://www.amazon.ca/s?k=gorillas&page=2"}
,{"title": "Sylvio", "url": "/gp/video/ssoredirect/?ru=https%3A%2F%2Fapp.primevideo.com%2Fdetail%3Fgti%3Damzn1.dv.gti.dcb0505b-8c25-755f-7139-b230675e18d0%26ref_%3Ddvm_src_ret_ca_xx_s&page-type-id=B07YL87JY5&ref=sr_1_97&keywords=gorillas&qid=1611362507&sr=8-97", "rating": null, "reviews": null, "price": null, "search_url": "https://www.amazon.ca/s?k=gorillas&page=3"}
,{"title": "Gorilla and the Bird: A Memoir of Madness and a Mother's Love", "url": "/Gorilla-Bird-Memoir-Madness-Mothers/dp/0316315125/ref=sr_1_98?dchild=1&keywords=gorillas&qid=1611362507&sr=8-98", "rating": "4.6 out of 5 stars", "reviews": "163", "price": "CDN$\u00a021.45", "search_url": "https://www.amazon.ca/s?k=gorillas&page=3"}
,{"title": "Gorilla Duct Tape, 1.88 in. x 12 yd, Silver, 1 - Pack", "url": "/Gorilla-Tape-Silver-Duct-1-88/dp/B06X9P8C2T/ref=sr_1_99?dchild=1&keywords=gorillas&qid=1611362507&sr=8-99", "rating": "4.7 out of 5 stars", "reviews": "596", "price": "CDN$\u00a06.97", "search_url": "https://www.amazon.ca/s?k=gorillas&page=3"}
,{"title": "Gorilla Manor [Vinyl]", "url": "/Gorilla-Manor-Vinyl-Local-Natives/dp/B0032IABC4/ref=sr_1_100?dchild=1&keywords=gorillas&qid=1611362507&sr=8-100", "rating": "4.7 out of 5 stars", "reviews": "76", "price": "CDN$\u00a028.09", "search_url": "https://www.amazon.ca/s?k=gorillas&page=3"}
,{"title": "Mens Deluxe Furry Black Gorilla Monkey Suit Festival Stag Do Night Halloween Fancy Dress Costume Outfit (One Size)", "url": "/Gorilla-Festival-Halloween-Fancy-Costume/dp/B01FUL0D6O/ref=sr_1_101?dchild=1&keywords=gorillas&qid=1611362507&sr=8-101", "rating": null, "reviews": null, "price": "CDN$\u00a089.21", "search_url": "https://www.amazon.ca/s?k=gorillas&page=3"}
,{"title": "Gorilla Packaging Tape Tough & Wide with Dispenser, 2.83\" x 35 yd, Clear", "url": "/Gorilla-Packaging-Tough-Dispenser-Clear/dp/B00MR6FTAQ/ref=sr_1_102?dchild=1&keywords=gorillas&qid=1611362507&sr=8-102", "rating": "4.7 out of 5 stars", "reviews": "5,929", "price": "CDN$\u00a011.48", "search_url": "https://www.amazon.ca/s?k=gorillas&page=3"}
,{"title": "Gorilla Crystal Duct Tape, 1.88\" x 5 yd, Clear, (Pack of 1)", "url": "/Gorilla-Crystal-Clear-Duct-Tape/dp/B00O9JNY9W/ref=sr_1_103?dchild=1&keywords=gorillas&qid=1611362507&sr=8-103", "rating": "4.5 out of 5 stars", "reviews": "1,584", "price": "CDN$\u00a06.47", "search_url": "https://www.amazon.ca/s?k=gorillas&page=3"}
,{"title": "Gorilla", "url": "/Gorilla-Melissa-Gish/dp/1628328711/ref=sr_1_104?dchild=1&keywords=gorillas&qid=1611362507&sr=8-104", "rating": null, "reviews": null, "price": "CDN$\u00a014.99", "search_url": "https://www.amazon.ca/s?k=gorillas&page=3"}
,{"title": "Kong: Skull Island (Bilingual) [Blu-Ray]", "url": "/Kong-Skull-Island-Bilingual-Blu-Ray/dp/B01LTICQ8K/ref=sr_1_105?dchild=1&keywords=gorillas&qid=1611362507&sr=8-105", "rating": "4.5 out of 5 stars", "reviews": "6,323", "price": "CDN$\u00a016.89", "search_url": "https://www.amazon.ca/s?k=gorillas&page=3"}
,{"title": "Good Luck Sock Men's Extra Large Gorilla Socks - Shoe Size 13-17, Big & Tall", "url": "/Good-Luck-Sock-Extra-Gorilla/dp/B07DPJLLJL/ref=sr_1_106?dchild=1&keywords=gorillas&qid=1611362507&sr=8-106", "rating": "4.8 out of 5 stars", "reviews": "47", "price": "CDN$\u00a013.00", "search_url": "https://www.amazon.ca/s?k=gorillas&page=3"}
,{"title": "Premium Large Exercise Mat - 6' x 4' x 1/4\" Ultra Durable, Non-Slip, Workout Mats for Home Gym Flooring - Plyo, HIIT, Jump, Cardio Mat - Use With or Without Shoes (183cm Long x 122cm Wide x 6mm Thick)", "url": "/Premium-Large-Exercise-Mat-Non-Slip/dp/B07D96FDG9/ref=sr_1_107?dchild=1&keywords=gorillas&qid=1611362507&sr=8-107", "rating": "4.7 out of 5 stars", "reviews": "122", "price": "CDN$\u00a0219.95", "search_url": "https://www.amazon.ca/s?k=gorillas&page=3"}
,{"title": "Jen Fulwiler: The Naughty Corner", "url": "/gp/video/ssoredirect/?ru=https%3A%2F%2Fapp.primevideo.com%2Fdetail%3Fgti%3Damzn1.dv.gti.acbaab52-7841-623c-dd6f-be89dd21ffd5%26ref_%3Ddvm_src_ret_ca_xx_s&page-type-id=B08LQX5829&ref=sr_1_108&keywords=gorillas&qid=1611362507&sr=8-108", "rating": null, "reviews": null, "price": null, "search_url": "https://www.amazon.ca/s?k=gorillas&page=3"}
,{"title": "Gorilla", "url": "/Gorilla-James-Taylor/dp/B000002KFT/ref=sr_1_109?dchild=1&keywords=gorillas&qid=1611362507&sr=8-109", "rating": "4.7 out of 5 stars", "reviews": "131", "price": null, "search_url": "https://www.amazon.ca/s?k=gorillas&page=3"}
,{"title": "Schleich Wild Life Gorilla Male Educational Figurine for Kids Ages 3-8", "url": "/Schleich-14770-America-Gorilla-Figure/dp/B01M3NBACG/ref=sr_1_110?dchild=1&keywords=gorillas&qid=1611362507&sr=8-110", "rating": "4.8 out of 5 stars", "reviews": "1,386", "price": "CDN$\u00a015.25", "search_url": "https://www.amazon.ca/s?k=gorillas&page=3"}
,{"title": "Press Here (Baby Board Book, Learning to Read Book, Toddler Board Book, Interactive Book for Kids): Board Book Edition", "url": "/Press-Here-Board-Herve-Tullet/dp/1452178593/ref=sr_1_111?dchild=1&keywords=gorillas&qid=1611362507&sr=8-111", "rating": "4.7 out of 5 stars", "reviews": "7,801", "price": "CDN$\u00a012.86", "search_url": "https://www.amazon.ca/s?k=gorillas&page=3"}
,{"title": "Gorilla Glue Minis", "url": "/The-Gorilla-Glue-Company-5100502/dp/B00KCKNZ28/ref=sr_1_112?dchild=1&keywords=gorillas&qid=1611362507&sr=8-112", "rating": "4.2 out of 5 stars", "reviews": "256", "price": "CDN$\u00a07.88", "search_url": "https://www.amazon.ca/s?k=gorillas&page=3"}
,{"title": "Women Men, Sweatshirt 3D Animal Monkey Hoodie Oil Gorilla Print Sweatshirt", "url": "/Sweatshirt-Animal-Monkey-Gorilla-Sweatshirt-XL/dp/B08GBM3X8M/ref=sr_1_113?dchild=1&keywords=gorillas&qid=1611362507&sr=8-113", "rating": "5.0 out of 5 stars", "reviews": "1", "price": "CDN$\u00a035.25", "search_url": "https://www.amazon.ca/s?k=gorillas&page=3"}
,{"title": "Gorilla 8060002 White 100Percentsilicone Sealant, 10 Oz, White", "url": "/Gorilla-8060002-White-100Percentsilicone-Sealant/dp/B01NCSN5AS/ref=sr_1_114?dchild=1&keywords=gorillas&qid=1611362507&sr=8-114", "rating": "4.6 out of 5 stars", "reviews": "2,981", "price": "CDN$\u00a035.99", "search_url": "https://www.amazon.ca/s?k=gorillas&page=3"}
,{"title": "Gorilla, My Love", "url": "/Gorilla-Love-Toni-Cade-Bambara/dp/0679738983/ref=sr_1_115?dchild=1&keywords=gorillas&qid=1611362507&sr=8-115", "rating": "4.5 out of 5 stars", "reviews": "93", "price": "CDN$\u00a019.80", "search_url": "https://www.amazon.ca/s?k=gorillas&page=3"}
,{"title": "Gorilla", "url": "/Gorilla-Bonzo-Dog-Doo-Band/dp/B000LYQHO8/ref=sr_1_116?dchild=1&keywords=gorillas&qid=1611362507&sr=8-116", "rating": "4.4 out of 5 stars", "reviews": "16", "price": null, "search_url": "https://www.amazon.ca/s?k=gorillas&page=3"}
,{"title": "XFasten RV Repair Tape, White, 4-Inches by 50-Foot, Weatherproof RV Rubber Roof Patch Tape for RV Repair, Window, Vent, Boat Sealing, and Camper Roof Leaks", "url": "/gp/slredirect/picassoRedirect.html/ref=pa_sp_mtf_aps_sr_pg3_1?ie=UTF8&adId=A0813868QAASIWTFD7AX&url=%2FXFasten-Sealing-Seaming-Waterproof-4-Inches%2Fdp%2FB07YLK5Y6P%2Fref%3Dsr_1_117_sspa%3Fdchild%3D1%26keywords%3Dgorillas%26qid%3D1611362507%26sr%3D8-117-spons%26psc%3D1&qualifier=1611362507&id=2264160056700368&widgetName=sp_mtf", "rating": "4.4 out of 5 stars", "reviews": "316", "price": "CDN$\u00a032.99", "search_url": "https://www.amazon.ca/s?k=gorillas&page=3"}
,{"title": "XFasten Clear Double Sided Sticky Tape, Removable, 2-Inches x 20-Yards, Single Roll Ideal as an Anti-Scratch Cat Training Tape, Holding Carpets, and Woodworking", "url": "/gp/slredirect/picassoRedirect.html/ref=pa_sp_mtf_aps_sr_pg3_1?ie=UTF8&adId=A08289471JG0BUSMS1KUT&url=%2FXFasten-Removable-2-inches-Anti-Scratch-Woodworking%2Fdp%2FB077P513V4%2Fref%3Dsr_1_118_sspa%3Fdchild%3D1%26keywords%3Dgorillas%26qid%3D1611362507%26sr%3D8-118-spons%26psc%3D1&qualifier=1611362507&id=2264160056700368&widgetName=sp_mtf", "rating": "4.4 out of 5 stars", "reviews": "802", "price": "CDN$\u00a012.99", "search_url": "https://www.amazon.ca/s?k=gorillas&page=3"}
,{"title": "3M Automotive Repair Soft Edge Foam Masking Tape, 09678, 1/2 in x 165 ft (13 mm x 50 m), 1 Pack", "url": "/gp/slredirect/picassoRedirect.html/ref=pa_sp_mtf_aps_sr_pg3_1?ie=UTF8&adId=A07055193H6O3UMI2UPZI&url=%2F3M-Soft-Edge-Masking-09678%2Fdp%2FB003VDXY8I%2Fref%3Dsr_1_119_sspa%3Fdchild%3D1%26keywords%3Dgorillas%26qid%3D1611362507%26sr%3D8-119-spons%26psc%3D1&qualifier=1611362507&id=2264160056700368&widgetName=sp_mtf", "rating": "5.0 out of 5 stars", "reviews": "4", "price": "CDN$\u00a0115.51", "search_url": "https://www.amazon.ca/s?k=gorillas&page=3"}
,{"title": "Rexoseal 1000 Waterproofing Sealant - Multi-Purpose Indoor & Outdoor Coating Sealant - Foundations & Basements, Flat & Low Slope Roofs, Concrete, Wood & Metal - Black, 1 Litre", "url": "/gp/slredirect/picassoRedirect.html/ref=pa_sp_mtf_aps_sr_pg3_1?ie=UTF8&adId=A05688236C730VWVIT1F&url=%2FRexoseal-1000-Waterproofing-Sealant-Multi-Purpose%2Fdp%2FB081QN5SCJ%2Fref%3Dsr_1_120_sspa%3Fdchild%3D1%26keywords%3Dgorillas%26qid%3D1611362507%26sr%3D8-120-spons%26psc%3D1&qualifier=1611362507&id=2264160056700368&widgetName=sp_mtf", "rating": "4.2 out of 5 stars", "reviews": "5", "price": "CDN$\u00a059.97", "search_url": "https://www.amazon.ca/s?k=gorillas&page=3"}
,{"title": "Premium Extra Large Exercise Mat - 8' x 4' x 1/4\" Ultra Durable, Non-Slip, Workout Mats for Home Gym Flooring - Plyo, Jump, Cardio Mat - Use With or Without Shoes (244cm Long x 122cm Wide x 6mm Thick)", "url": "/Premium-Extra-Large-Exercise-Mat/dp/B07D96P41Z/ref=sr_1_121?dchild=1&keywords=gorillas&qid=1611362507&sr=8-121", "rating": "4.8 out of 5 stars", "reviews": "66", "price": "CDN$\u00a0259.95", "search_url": "https://www.amazon.ca/s?k=gorillas&page=3"}
,{"title": "One Gorilla: A Counting Book", "url": "/One-Gorilla-Counting-Anthony-Browne/dp/0763679151/ref=sr_1_122?dchild=1&keywords=gorillas&qid=1611362507&sr=8-122", "rating": "4.6 out of 5 stars", "reviews": "116", "price": "CDN$\u00a016.04", "search_url": "https://www.amazon.ca/s?k=gorillas&page=3"}
,{"title": "Fun Costumes Gorilla Gloves Adult", "url": "/Fun-Costumes-Gorilla-Gloves-Standard/dp/B07WPGKCM6/ref=sr_1_123?dchild=1&keywords=gorillas&qid=1611362507&sr=8-123", "rating": "3.3 out of 5 stars", "reviews": "17", "price": "CDN$\u00a014.05", "search_url": "https://www.amazon.ca/s?k=gorillas&page=3"}
,{"title": "Mighty Joe Young", "url": "/Mighty-Joe-Young-Charlize-Theron/dp/6305320950/ref=sr_1_124?dchild=1&keywords=gorillas&qid=1611362507&sr=8-124", "rating": "4.6 out of 5 stars", "reviews": "1,342", "price": "CDN$\u00a07.99", "search_url": "https://www.amazon.ca/s?k=gorillas&page=3"}
,{"title": "Super Wings", "url": "/gp/video/ssoredirect/?ru=https%3A%2F%2Fapp.primevideo.com%2Fdetail%3Fgti%3Damzn1.dv.gti.fcaf0830-51ef-9ba2-bab6-36c7f010eb0f%26ref_%3Ddvm_src_ret_ca_xx_s&page-type-id=B07TGDYRQC&ref=sr_1_125&keywords=gorillas&qid=1611362507&sr=8-125", "rating": null, "reviews": null, "price": null, "search_url": "https://www.amazon.ca/s?k=gorillas&page=3"}
,{"title": "Ty Beanie Boos Plush-George The Gorilla", "url": "/Ty-Beanie-Boos-Plush-George-Gorilla/dp/B01N4G2DO4/ref=sr_1_126?dchild=1&keywords=gorillas&qid=1611362507&sr=8-126", "rating": "4.8 out of 5 stars", "reviews": "475", "price": "CDN$\u00a015.84", "search_url": "https://www.amazon.ca/s?k=gorillas&page=3"}
,{"title": "The Gorilla Game, Revised Edition: Picking Winners in High Technology", "url": "/Gorilla-Game-Revised-Picking-Technology-ebook/dp/B000FC120U/ref=sr_1_127?dchild=1&keywords=gorillas&qid=1611362507&sr=8-127", "rating": "4.1 out of 5 stars", "reviews": "27", "price": "CDN$\u00a021.99", "search_url": "https://www.amazon.ca/s?k=gorillas&page=3"}
,{"title": "Gorilla Grip Premium Bathtub Overflow Drain Cover, Suction Cup Seal, Stopper Covers Add Inches of Water for Deeper Bath, for Tub Overflow Drains, Gray Transparent", "url": "/Gorilla-Grip-Overflow-Phthalate-Transparent/dp/B085YC3RH5/ref=sr_1_128?dchild=1&keywords=gorillas&qid=1611362507&sr=8-128", "rating": "4.4 out of 5 stars", "reviews": "2,295", "price": "CDN$\u00a013.61", "search_url": "https://www.amazon.ca/s?k=gorillas&page=3"}
,{"title": "Grand Opening And Closing (Vinyl)", "url": "/Opening-Closing-Sleepytime-Gorilla-Museum/dp/B01MDKUKQM/ref=sr_1_129?dchild=1&keywords=gorillas&qid=1611362507&sr=8-129", "rating": "4.6 out of 5 stars", "reviews": "33", "price": "CDN$\u00a044.99", "search_url": "https://www.amazon.ca/s?k=gorillas&page=3"}
,{"title": "Gorilla Clear 100 Percent Silicone Sealant Caulk, Waterproof and Mold & Mildew Resistant, 10 ounce Cartridge, Clear, (Pack of 1)", "url": "/Gorilla-Silicone-Waterproof-Resistant-Cartridge/dp/B01MQW8AEM/ref=sr_1_130?dchild=1&keywords=gorillas&qid=1611362507&sr=8-130", "rating": "4.6 out of 5 stars", "reviews": "3,605", "price": "CDN$\u00a023.99", "search_url": "https://www.amazon.ca/s?k=gorillas&page=3"}
,{"title": "Gorilla White Glue, 2oz", "url": "/Gorilla-5202101C-White-Glue-2oz/dp/B07W5CH1FQ/ref=sr_1_131?dchild=1&keywords=gorillas&qid=1611362507&sr=8-131", "rating": "4.2 out of 5 stars", "reviews": "29", "price": "CDN$\u00a07.97", "search_url": "https://www.amazon.ca/s?k=gorillas&page=3"}
,{"title": "Gorilla Thumps and Bear Hugs: A Tapping Solution Children's Story", "url": "/Gorilla-Thumps-Bear-Hugs-Childrens/dp/1401952879/ref=sr_1_132?dchild=1&keywords=gorillas&qid=1611362507&sr=8-132", "rating": "4.6 out of 5 stars", "reviews": "351", "price": null, "search_url": "https://www.amazon.ca/s?k=gorillas&page=3"}
,{"title": "Forum Novelties Men's Plush Gorilla Mascot Costume", "url": "/Forum-Novelties-Gorilla-Mascot-Costume/dp/B00BBB46H0/ref=sr_1_133?dchild=1&keywords=gorillas&qid=1611362507&sr=8-133", "rating": "4.9 out of 5 stars", "reviews": "14", "price": "CDN$\u00a0152.18", "search_url": "https://www.amazon.ca/s?k=gorillas&page=3"}
,{"title": "Gorilla Clear Glue, 1.75 Ounce Bottle, Clear (Pack of 1)", "url": "/Gorilla-Clear-Glue-Ounce-Bottle/dp/B06WD6R96X/ref=sr_1_134?dchild=1&keywords=gorillas&qid=1611362507&sr=8-134", "rating": "4.6 out of 5 stars", "reviews": "2,843", "price": "CDN$\u00a014.68", "search_url": "https://www.amazon.ca/s?k=gorillas&page=3"}
,{"title": "Flash Gordon in Rocketship - Feature Version of the 1936 Serial", "url": "/gp/video/ssoredirect/?ru=https%3A%2F%2Fapp.primevideo.com%2Fdetail%3Fgti%3Damzn1.dv.gti.80b2cf7e-ff5e-4ec0-1b54-e09948a0a9cf%26ref_%3Ddvm_src_ret_ca_xx_s&page-type-id=B07YXL3HMV&ref=sr_1_135&keywords=gorillas&qid=1611362507&sr=8-135", "rating": null, "reviews": null, "price": null, "search_url": "https://www.amazon.ca/s?k=gorillas&page=3"}
,{"title": "Good Morning, Gorillas", "url": "/Good-Morning-Gorillas-Mary-Osborne/dp/0375806148/ref=sr_1_136?dchild=1&keywords=gorillas&qid=1611362507&sr=8-136", "rating": "4.8 out of 5 stars", "reviews": "206", "price": "CDN$\u00a07.91", "search_url": "https://www.amazon.ca/s?k=gorillas&page=3"}
,{"title": "Gorillas in the Mix", "url": "/Gorillas-Mix-Bernie-Krause/dp/B0000009NB/ref=sr_1_137?dchild=1&keywords=gorillas&qid=1611362507&sr=8-137", "rating": "4.2 out of 5 stars", "reviews": "10", "price": null, "search_url": "https://www.amazon.ca/s?k=gorillas&page=3"}
,{"title": "Gorilla Carts GOR1400-COM Heavy-Duty Steel Utility Cart with Removable Sides and 15-Inch Tires, 1400-Pound Capacity, Black", "url": "/Gorilla-GOR1400-COM-Heavy-Duty-Removable-1400-Pound/dp/B01BFC5RZE/ref=sr_1_138?dchild=1&keywords=gorillas&qid=1611362507&sr=8-138", "rating": "4.6 out of 5 stars", "reviews": "778", "price": "CDN$\u00a0450.54", "search_url": "https://www.amazon.ca/s?k=gorillas&page=3"}
,{"title": "Unlocked [Bluray + DVD] [Blu-ray] (Bilingual)", "url": "/Unlocked-Bluray-DVD-Blu-ray-Bilingual/dp/B074BNZP3B/ref=sr_1_139?dchild=1&keywords=gorillas&qid=1611362507&sr=8-139", "rating": "4.4 out of 5 stars", "reviews": "593", "price": "CDN$\u00a016.14", "search_url": "https://www.amazon.ca/s?k=gorillas&page=3"}
,{"title": "One Gorilla", "url": "/One-Gorilla-Atsuko-Morozumi/dp/0374456461/ref=sr_1_140?dchild=1&keywords=gorillas&qid=1611362507&sr=8-140", "rating": "4.8 out of 5 stars", "reviews": "26", "price": null, "search_url": "https://www.amazon.ca/s?k=gorillas&page=3"}
,{"title": "Gorilla Carts GCR-4 4 Cu. Ft, 300-pound Capacity, Poly Yard Cart, Black/Yellow", "url": "/Gorilla-Carts-GCR-4-300-pound-Capacity/dp/B08B43QY61/ref=sr_1_141?dchild=1&keywords=gorillas&qid=1611362507&sr=8-141", "rating": "4.8 out of 5 stars", "reviews": "99", "price": "CDN$\u00a0178.34", "search_url": "https://www.amazon.ca/s?k=gorillas&page=3"}
,{"title": "California Costumes Men's Full Gorilla Suit Costume, Pink, One Size", "url": "/California-Costumes-Mens-Gorilla-Costume/dp/B00CKZSRPS/ref=sr_1_142?dchild=1&keywords=gorillas&qid=1611362507&sr=8-142"